
/*!40101 SET @OLD_CHARACTER_SET_CLIENT=@@CHARACTER_SET_CLIENT */;
/*!40101 SET @OLD_CHARACTER_SET_RESULTS=@@CHARACTER_SET_RESULTS */;
/*!40101 SET @OLD_COLLATION_CONNECTION=@@COLLATION_CONNECTION */;
/*!40101 SET NAMES utf8 */;
/*!40103 SET @OLD_TIME_ZONE=@@TIME_ZONE */;
/*!40103 SET TIME_ZONE='+00:00' */;
/*!40014 SET @OLD_UNIQUE_CHECKS=@@UNIQUE_CHECKS, UNIQUE_CHECKS=0 */;
/*!40014 SET @OLD_FOREIGN_KEY_CHECKS=@@FOREIGN_KEY_CHECKS, FOREIGN_KEY_CHECKS=0 */;
/*!40101 SET @OLD_SQL_MODE=@@SQL_MODE, SQL_MODE='NO_AUTO_VALUE_ON_ZERO' */;
/*!40111 SET @OLD_SQL_NOTES=@@SQL_NOTES, SQL_NOTES=0 */;
DROP TABLE IF EXISTS `categories`;
/*!40101 SET @saved_cs_client     = @@character_set_client */;
/*!40101 SET character_set_client = utf8 */;
CREATE TABLE `categories` (
  `id` bigint(20) unsigned NOT NULL AUTO_INCREMENT,
  `name` varchar(255) COLLATE utf8mb4_unicode_ci NOT NULL,
  `created_at` timestamp NULL DEFAULT NULL,
  `updated_at` timestamp NULL DEFAULT NULL,
  PRIMARY KEY (`id`)
) ENGINE=InnoDB AUTO_INCREMENT=11 DEFAULT CHARSET=utf8mb4 COLLATE=utf8mb4_unicode_ci;
/*!40101 SET character_set_client = @saved_cs_client */;

LOCK TABLES `categories` WRITE;
/*!40000 ALTER TABLE `categories` DISABLE KEYS */;
INSERT INTO `categories` VALUES (3,'Gezichtsbehandeling','2020-09-02 01:24:35','2020-09-02 01:24:35'),(4,'Waxen','2020-09-02 01:24:44','2020-09-02 01:24:44'),(5,'Lichaamsdelen behandeling','2020-09-02 01:25:21','2020-09-02 01:25:21'),(6,'Ander soort','2020-09-02 01:25:45','2020-09-02 01:25:45'),(7,'Permanent make up','2020-09-15 04:51:02','2020-09-15 04:51:02'),(8,'Voetverzorging','2020-09-15 04:56:00','2020-09-15 04:56:00'),(9,'Nails','2020-09-15 04:59:22','2020-09-15 04:59:22'),(10,'Hairx','2020-09-15 05:02:41','2020-09-15 05:02:41');
/*!40000 ALTER TABLE `categories` ENABLE KEYS */;
UNLOCK TABLES;
DROP TABLE IF EXISTS `chartpayments`;
/*!50001 DROP VIEW IF EXISTS `chartpayments`*/;
SET @saved_cs_client     = @@character_set_client;
SET character_set_client = utf8;
/*!50001 CREATE VIEW `chartpayments` AS SELECT 
 1 AS `created_at`,
 1 AS `servicediscount`,
 1 AS `productdiscount`,
 1 AS `producttotal`,
 1 AS `servicetotal`*/;
SET character_set_client = @saved_cs_client;
DROP TABLE IF EXISTS `clients`;
/*!40101 SET @saved_cs_client     = @@character_set_client */;
/*!40101 SET character_set_client = utf8 */;
CREATE TABLE `clients` (
  `id` bigint(20) unsigned NOT NULL AUTO_INCREMENT,
  `name` varchar(255) COLLATE utf8mb4_unicode_ci NOT NULL,
  `number` varchar(255) COLLATE utf8mb4_unicode_ci DEFAULT NULL,
  `created_at` timestamp NULL DEFAULT NULL,
  `updated_at` timestamp NULL DEFAULT NULL,
  PRIMARY KEY (`id`)
) ENGINE=InnoDB AUTO_INCREMENT=119 DEFAULT CHARSET=utf8mb4 COLLATE=utf8mb4_unicode_ci;
/*!40101 SET character_set_client = @saved_cs_client */;

LOCK TABLES `clients` WRITE;
/*!40000 ALTER TABLE `clients` DISABLE KEYS */;
INSERT INTO `clients` VALUES (2,'Rashmie Ganesh','5978539706','2020-09-03 19:36:07','2020-09-03 19:36:07'),(3,'Sunita Mathoera Ghirao','5978648521','2020-09-03 19:37:12','2020-09-03 19:37:12'),(8,'Bhartie Kewalbansing','5978793183','2020-09-15 15:04:20','2020-09-15 15:04:20'),(9,'Shakita Raghunath','5978297516','2020-09-15 15:09:03','2020-09-15 15:09:03'),(10,'Sharmila Gobind','5978944911','2020-09-15 15:20:44','2020-09-15 15:20:44'),(11,'Sujata Bidesi','5978558101','2020-09-15 15:22:12','2020-09-15 15:22:12'),(12,'Sunita Mahadew','5978552696','2020-09-15 15:22:52','2020-09-15 15:22:52'),(13,'Raina','5977483733','2020-09-15 15:31:51','2020-09-15 15:31:51'),(14,'Asha Bahadoer','5978536812','2020-09-15 15:37:47','2020-09-15 15:37:47'),(15,'Roshnie Bholasing','5978757880','2020-09-15 15:38:43','2020-09-15 15:38:43'),(16,'Irene Benton','5978660815','2020-09-15 17:09:52','2020-09-15 17:09:52'),(17,'Natasja Bhoelai-Soekhlal','5978774281','2020-09-15 19:20:17','2020-09-15 19:20:17'),(18,'Monica Persaud','5978549711','2020-09-15 19:21:15','2020-09-15 19:21:15'),(20,'Ragiena Hausil','5978987050','2020-09-16 15:02:53','2020-09-16 15:02:53'),(21,'Ganga','5977139047','2020-09-16 15:03:31','2020-09-16 15:03:31'),(22,'Manisha Datai','5977632408','2020-09-16 15:04:51','2020-09-16 15:04:51'),(23,'Ashna Bholasing','5978851961','2020-09-16 15:06:21','2020-09-16 15:06:21'),(24,'Shirley Mathoera','5978731124','2020-09-16 15:30:19','2020-09-16 15:30:19'),(25,'Santoesha Bhoelai','5978809734','2020-09-16 15:31:23','2020-09-16 15:31:23'),(26,'Carmelita Koendjbiharie','5977130340','2020-09-16 22:11:17','2020-09-16 22:11:17'),(27,'Chaja','5978533148','2020-09-16 22:15:35','2020-09-16 22:15:35'),(28,'Preja Debie','5978756051','2020-09-16 22:17:18','2020-09-16 22:17:18'),(29,'Chitra Kalloe','5978655601','2020-09-16 23:03:20','2020-09-16 23:03:20'),(30,'Miena Garib','5978985184','2020-09-16 23:04:14','2020-09-16 23:04:14'),(31,'Maitrie Ghiraw','5978575210','2020-09-17 21:14:15','2020-09-17 21:14:15'),(32,'Biga moeder','5978777981','2020-09-17 21:15:01','2020-09-17 21:15:01'),(33,'Cindy Vishnudat','5978599403','2020-09-17 21:15:49','2020-09-17 21:15:49'),(34,'Anuradha Hoelas','5978606427','2020-09-17 21:18:13','2020-09-17 21:18:13'),(35,'Shivani Ramnarain',NULL,'2020-09-17 21:18:30','2020-09-17 21:18:30'),(38,'Reena Somai','5978529268','2020-09-17 21:21:20','2020-09-17 21:21:20'),(39,'Helda','5978239947','2020-09-17 21:21:56','2020-09-17 21:21:56'),(40,'Aarti Bharose','5978784615','2020-09-17 22:25:42','2020-09-17 22:25:42'),(41,'Shaleen','5978799893','2020-09-18 20:42:28','2020-09-18 20:42:28'),(42,'Eline Soerobongso','5978562670','2020-09-18 20:44:05','2020-09-18 20:44:05'),(43,'Jill',NULL,'2020-09-18 20:45:58','2020-09-18 20:45:58'),(44,'Kawita Sadal','5978763472','2020-09-18 20:47:03','2020-09-18 20:47:03'),(45,'Rita Sonai','5978925511','2020-09-18 20:50:52','2020-09-18 20:50:52'),(46,'Santusha Moesaheb',NULL,'2020-09-18 20:53:24','2020-09-18 20:53:24'),(47,'Jaya Ganpat','5978750346','2020-09-18 20:56:57','2020-09-18 20:56:57'),(48,'Sharda barkimai dienst','5977679447','2020-09-18 20:58:10','2020-09-18 20:58:10'),(49,'Reshmie Oemrawsing','5978517494','2020-09-18 20:59:34','2020-09-18 20:59:34'),(50,'Sharda Boedjawan','5978162453','2020-09-18 21:00:28','2020-09-18 21:00:28'),(51,'Selena Darmin','5977196339','2020-09-19 19:29:17','2020-09-19 19:29:17'),(52,'Manika Chigaroe','5978532967','2020-09-19 19:33:22','2020-09-19 19:33:22'),(53,'Rewina Nabi','5978893893','2020-09-19 19:34:24','2020-09-19 19:34:24'),(54,'Nisha Baksie',NULL,'2020-09-19 19:35:51','2020-09-19 19:35:51'),(55,'Santusha Soekhoe','5978886167','2020-09-19 19:36:39','2020-09-19 19:36:39'),(56,'Maltie Mahangoe','5978519746','2020-09-19 19:37:39','2020-09-19 19:37:39'),(57,'Lila Ramdat','5978572018','2020-09-19 19:38:18','2020-09-19 19:38:18'),(58,'Rosita Bhoelai','5978972372','2020-09-19 19:40:01','2020-09-19 19:40:01'),(59,'Usha les','5978778625','2020-09-22 00:18:24','2020-09-22 00:18:24'),(60,'Santa Dalloe','5978887589','2020-09-22 00:19:25','2020-09-22 00:19:25'),(61,'Kavita Roeplal','5978782223','2020-09-22 00:20:25','2020-09-22 00:20:25'),(62,'Maja Jairam','5977185606','2020-09-22 00:21:33','2020-09-22 00:21:33'),(63,'Aarti Sewkaransing','5978731308','2020-09-22 00:23:00','2020-09-22 00:23:00'),(64,'Sheila','5978967078','2020-09-22 00:23:47','2020-09-22 00:23:47'),(65,'Bloklaan','5978926620','2020-09-22 00:24:37','2020-09-22 00:24:37'),(66,'Sandra Santokhi','+31612934494','2020-09-22 00:25:50','2020-09-22 00:25:50'),(67,'Natasha','5978578078','2020-09-22 00:26:43','2020-09-22 00:26:43'),(68,'Shanti Soekhoe','5978581620','2020-09-22 00:28:03','2020-09-22 00:28:03'),(69,'Rachel Sampi','5977172781','2020-09-22 00:30:04','2020-09-22 00:30:04'),(70,'Rohit Patandin',NULL,'2020-09-22 00:36:04','2020-09-22 00:36:04'),(71,'Anchala Doekharan','5978879986','2020-09-22 00:39:56','2020-09-22 00:40:17'),(73,'Rahiema',NULL,'2020-09-23 00:44:43','2020-09-23 00:44:43'),(74,'Maltie Meghoe',NULL,'2020-09-23 00:45:10','2020-09-23 00:45:10'),(75,'Patricia Kewlapat',NULL,'2020-09-23 00:45:40','2020-09-23 00:45:40'),(76,'Reshma Goelab',NULL,'2020-09-23 00:46:28','2020-09-23 00:46:28'),(77,'Sita Dalloe',NULL,'2020-09-23 00:46:48','2020-09-23 00:46:48'),(78,'Marlene Sastroredjo',NULL,'2020-09-23 00:47:26','2020-09-23 00:47:26'),(79,'Natasha Ghiraw',NULL,'2020-09-23 00:48:03','2020-09-23 00:48:03'),(80,'Asha Sheombar',NULL,'2020-09-23 17:20:35','2020-09-23 17:20:35'),(81,'Sandhia Boedhoe',NULL,'2020-09-23 17:23:17','2020-09-23 17:23:17'),(82,'Sheriska Boedhoe',NULL,'2020-09-23 17:30:40','2020-09-23 17:30:40'),(83,'Lea',NULL,'2020-09-23 17:33:13','2020-09-23 17:33:13'),(84,'Sharon Britanty',NULL,'2020-09-23 17:34:46','2020-09-23 17:34:46'),(85,'Malti Sewbhagan',NULL,'2020-09-24 21:39:13','2020-09-24 21:39:13'),(86,'Wandana Chigharoe',NULL,'2020-09-24 21:39:58','2020-09-24 21:39:58'),(87,'Kajol Kewalbansing',NULL,'2020-09-24 21:42:25','2020-09-24 21:42:25'),(88,'Urmila Mahabier',NULL,'2020-09-24 21:43:00','2020-09-24 21:43:00'),(89,'Geeta Jhingoer',NULL,'2020-09-24 21:44:06','2020-09-24 21:44:06'),(90,'Robert Symonia',NULL,'2020-09-24 21:45:22','2020-09-24 21:45:22'),(91,'Nancy',NULL,'2020-09-24 21:46:03','2020-09-24 21:46:03'),(92,'Helen Bandoe',NULL,'2020-09-24 21:46:38','2020-09-24 21:46:38'),(93,'Pravishka',NULL,'2020-09-24 21:47:19','2020-09-24 21:47:19'),(94,'Manuella',NULL,'2020-09-24 21:47:43','2020-09-24 21:47:43'),(95,'Rosita Santokhi',NULL,'2020-09-24 21:48:20','2020-09-24 21:48:20'),(96,'Saskia collega',NULL,'2020-09-24 21:49:03','2020-09-24 21:49:03'),(97,'Saskia Boedhoe',NULL,'2020-09-24 22:10:21','2020-09-24 22:10:21'),(98,'Rosita Mahabier',NULL,'2020-09-24 22:11:28','2020-09-24 22:11:28'),(99,'Sonja Sadal',NULL,'2020-09-26 23:33:24','2020-09-26 23:33:24'),(100,'Tasja Autar',NULL,'2020-09-26 23:34:12','2020-09-26 23:34:12'),(101,'Renusha Chauwharie',NULL,'2020-09-26 23:35:42','2020-09-26 23:35:42'),(102,'Shantie Sheersingh',NULL,'2020-09-26 23:36:21','2020-09-26 23:36:21'),(103,'Saskia covab',NULL,'2020-09-26 23:43:47','2020-09-26 23:43:47'),(104,'Kawita Soerjoesingh',NULL,'2020-09-26 23:44:35','2020-09-26 23:44:35'),(105,'Xafira Jarmohamed',NULL,'2020-09-26 23:45:25','2020-09-26 23:45:25'),(106,'Angela Soekhan',NULL,'2020-09-26 23:46:40','2020-09-26 23:46:40'),(107,'Sherin moeder',NULL,'2020-09-26 23:47:57','2020-09-26 23:47:57'),(108,'Sherin Bahadoersing',NULL,'2020-09-26 23:51:35','2020-09-26 23:51:35'),(109,'Bianca Hoepel',NULL,'2020-09-26 23:53:02','2020-09-26 23:53:02'),(110,'Tjandra Akloe',NULL,'2020-09-26 23:53:37','2020-09-26 23:53:37'),(111,'Saskia Mohamed',NULL,'2020-09-26 23:55:42','2020-09-26 23:55:42'),(112,'Ashna Nanhoe',NULL,'2020-09-26 23:58:57','2020-09-26 23:58:57'),(113,'abc',NULL,'2020-09-28 01:07:12','2020-09-28 01:07:12'),(114,'Cindy',NULL,'2020-09-28 19:36:48','2020-09-28 19:36:48'),(115,'Rosita',NULL,'2020-09-28 19:37:17','2020-09-28 19:37:17'),(116,'Neha',NULL,'2020-09-28 19:39:13','2020-09-28 19:39:13'),(117,'Sharisa Sadal Mohan',NULL,'2020-09-28 19:40:18','2020-09-28 19:40:18'),(118,'Sadhna Chauthi',NULL,'2020-09-28 19:41:02','2020-09-28 19:41:02');
/*!40000 ALTER TABLE `clients` ENABLE KEYS */;
UNLOCK TABLES;
DROP TABLE IF EXISTS `currencies`;
/*!40101 SET @saved_cs_client     = @@character_set_client */;
/*!40101 SET character_set_client = utf8 */;
CREATE TABLE `currencies` (
  `id` bigint(20) unsigned NOT NULL AUTO_INCREMENT,
  `currency` varchar(255) COLLATE utf8mb4_unicode_ci NOT NULL,
  `created_at` timestamp NULL DEFAULT NULL,
  `updated_at` timestamp NULL DEFAULT NULL,
  PRIMARY KEY (`id`)
) ENGINE=InnoDB AUTO_INCREMENT=7 DEFAULT CHARSET=utf8mb4 COLLATE=utf8mb4_unicode_ci;
/*!40101 SET character_set_client = @saved_cs_client */;

LOCK TABLES `currencies` WRITE;
/*!40000 ALTER TABLE `currencies` DISABLE KEYS */;
INSERT INTO `currencies` VALUES (4,'USD','2020-08-20 19:26:53','2020-08-20 20:06:17'),(5,'SRD','2020-08-20 20:10:36','2020-08-20 20:10:36'),(6,'EURO','2020-08-20 20:11:42','2020-08-20 20:11:42');
/*!40000 ALTER TABLE `currencies` ENABLE KEYS */;
UNLOCK TABLES;
DROP TABLE IF EXISTS `failed_jobs`;
/*!40101 SET @saved_cs_client     = @@character_set_client */;
/*!40101 SET character_set_client = utf8 */;
CREATE TABLE `failed_jobs` (
  `id` bigint(20) unsigned NOT NULL AUTO_INCREMENT,
  `connection` text COLLATE utf8mb4_unicode_ci NOT NULL,
  `queue` text COLLATE utf8mb4_unicode_ci NOT NULL,
  `payload` longtext COLLATE utf8mb4_unicode_ci NOT NULL,
  `exception` longtext COLLATE utf8mb4_unicode_ci NOT NULL,
  `failed_at` timestamp NOT NULL DEFAULT CURRENT_TIMESTAMP,
  PRIMARY KEY (`id`)
) ENGINE=InnoDB DEFAULT CHARSET=utf8mb4 COLLATE=utf8mb4_unicode_ci;
/*!40101 SET character_set_client = @saved_cs_client */;

LOCK TABLES `failed_jobs` WRITE;
/*!40000 ALTER TABLE `failed_jobs` DISABLE KEYS */;
/*!40000 ALTER TABLE `failed_jobs` ENABLE KEYS */;
UNLOCK TABLES;
DROP TABLE IF EXISTS `migrations`;
/*!40101 SET @saved_cs_client     = @@character_set_client */;
/*!40101 SET character_set_client = utf8 */;
CREATE TABLE `migrations` (
  `id` int(10) unsigned NOT NULL AUTO_INCREMENT,
  `migration` varchar(255) COLLATE utf8mb4_unicode_ci NOT NULL,
  `batch` int(11) NOT NULL,
  PRIMARY KEY (`id`)
) ENGINE=InnoDB AUTO_INCREMENT=13 DEFAULT CHARSET=utf8mb4 COLLATE=utf8mb4_unicode_ci;
/*!40101 SET character_set_client = @saved_cs_client */;

LOCK TABLES `migrations` WRITE;
/*!40000 ALTER TABLE `migrations` DISABLE KEYS */;
INSERT INTO `migrations` VALUES (1,'2014_10_12_000000_create_users_table',1),(2,'2019_08_19_000000_create_failed_jobs_table',1),(3,'2020_07_09_230134_create_permission_tables',1),(4,'2020_07_09_231154_create_currencies_table',2),(5,'2020_08_20_170245_create_categories_table',3),(6,'2020_08_20_170630_create_services_table',4),(7,'2020_09_01_220749_create_service_payments_table',5),(8,'2020_09_01_220814_create_clients_table',5),(9,'2020_09_01_221428_create_service_orders_table',5),(10,'2020_09_08_145935_create_types',6),(11,'2020_09_08_150029_create_products',6),(12,'2020_09_14_185440_create_product_orders_table',7);
/*!40000 ALTER TABLE `migrations` ENABLE KEYS */;
UNLOCK TABLES;
DROP TABLE IF EXISTS `model_has_permissions`;
/*!40101 SET @saved_cs_client     = @@character_set_client */;
/*!40101 SET character_set_client = utf8 */;
CREATE TABLE `model_has_permissions` (
  `permission_id` bigint(20) unsigned NOT NULL,
  `model_type` varchar(255) COLLATE utf8mb4_unicode_ci NOT NULL,
  `model_id` bigint(20) unsigned NOT NULL,
  PRIMARY KEY (`permission_id`,`model_id`,`model_type`),
  KEY `model_has_permissions_model_id_model_type_index` (`model_id`,`model_type`),
  CONSTRAINT `model_has_permissions_permission_id_foreign` FOREIGN KEY (`permission_id`) REFERENCES `permissions` (`id`) ON DELETE CASCADE
) ENGINE=InnoDB DEFAULT CHARSET=utf8mb4 COLLATE=utf8mb4_unicode_ci;
/*!40101 SET character_set_client = @saved_cs_client */;

LOCK TABLES `model_has_permissions` WRITE;
/*!40000 ALTER TABLE `model_has_permissions` DISABLE KEYS */;
/*!40000 ALTER TABLE `model_has_permissions` ENABLE KEYS */;
UNLOCK TABLES;
DROP TABLE IF EXISTS `model_has_roles`;
/*!40101 SET @saved_cs_client     = @@character_set_client */;
/*!40101 SET character_set_client = utf8 */;
CREATE TABLE `model_has_roles` (
  `role_id` bigint(20) unsigned NOT NULL,
  `model_type` varchar(255) COLLATE utf8mb4_unicode_ci NOT NULL,
  `model_id` bigint(20) unsigned NOT NULL,
  PRIMARY KEY (`role_id`,`model_id`,`model_type`),
  KEY `model_has_roles_model_id_model_type_index` (`model_id`,`model_type`),
  CONSTRAINT `model_has_roles_role_id_foreign` FOREIGN KEY (`role_id`) REFERENCES `roles` (`id`) ON DELETE CASCADE
) ENGINE=InnoDB DEFAULT CHARSET=utf8mb4 COLLATE=utf8mb4_unicode_ci;
/*!40101 SET character_set_client = @saved_cs_client */;

LOCK TABLES `model_has_roles` WRITE;
/*!40000 ALTER TABLE `model_has_roles` DISABLE KEYS */;
INSERT INTO `model_has_roles` VALUES (1,'App\\User',2);
/*!40000 ALTER TABLE `model_has_roles` ENABLE KEYS */;
UNLOCK TABLES;
DROP TABLE IF EXISTS `permissions`;
/*!40101 SET @saved_cs_client     = @@character_set_client */;
/*!40101 SET character_set_client = utf8 */;
CREATE TABLE `permissions` (
  `id` bigint(20) unsigned NOT NULL AUTO_INCREMENT,
  `name` varchar(255) COLLATE utf8mb4_unicode_ci NOT NULL,
  `guard_name` varchar(255) COLLATE utf8mb4_unicode_ci NOT NULL,
  `created_at` timestamp NULL DEFAULT NULL,
  `updated_at` timestamp NULL DEFAULT NULL,
  PRIMARY KEY (`id`)
) ENGINE=InnoDB AUTO_INCREMENT=9 DEFAULT CHARSET=utf8mb4 COLLATE=utf8mb4_unicode_ci;
/*!40101 SET character_set_client = @saved_cs_client */;

LOCK TABLES `permissions` WRITE;
/*!40000 ALTER TABLE `permissions` DISABLE KEYS */;
INSERT INTO `permissions` VALUES (1,'role-list','web','2020-07-10 05:22:46','2020-07-10 05:22:46'),(2,'role-create','web','2020-07-10 05:22:46','2020-07-10 05:22:46'),(3,'role-edit','web','2020-07-10 05:22:46','2020-07-10 05:22:46'),(4,'role-delete','web','2020-07-10 05:22:46','2020-07-10 05:22:46'),(5,'currency-list','web','2020-07-10 05:22:46','2020-07-10 05:22:46'),(6,'currency-create','web','2020-07-10 05:22:46','2020-07-10 05:22:46'),(7,'currency-edit','web','2020-07-10 05:22:46','2020-07-10 05:22:46'),(8,'currency-delete','web','2020-07-10 05:22:46','2020-07-10 05:22:46');
/*!40000 ALTER TABLE `permissions` ENABLE KEYS */;
UNLOCK TABLES;
DROP TABLE IF EXISTS `product_orders`;
/*!40101 SET @saved_cs_client     = @@character_set_client */;
/*!40101 SET character_set_client = utf8 */;
CREATE TABLE `product_orders` (
  `id` bigint(20) unsigned NOT NULL AUTO_INCREMENT,
  `product_id` bigint(20) NOT NULL,
  `price` decimal(16,2) NOT NULL,
  `service_payment_id` bigint(20) NOT NULL,
  `created_at` timestamp NULL DEFAULT NULL,
  `updated_at` timestamp NULL DEFAULT NULL,
  PRIMARY KEY (`id`)
) ENGINE=InnoDB AUTO_INCREMENT=107 DEFAULT CHARSET=utf8mb4 COLLATE=utf8mb4_unicode_ci;
/*!40101 SET character_set_client = @saved_cs_client */;

LOCK TABLES `product_orders` WRITE;
/*!40000 ALTER TABLE `product_orders` DISABLE KEYS */;
INSERT INTO `product_orders` VALUES (14,4,45.00,31,'2020-09-15 15:06:52','2020-09-15 15:06:52'),(18,8,60.00,33,'2020-09-15 15:19:54','2020-09-15 15:19:54'),(19,4,45.00,33,'2020-09-15 15:19:54','2020-09-15 15:19:54'),(20,9,25.00,33,'2020-09-15 15:19:54','2020-09-15 15:19:54'),(23,10,70.00,41,'2020-09-15 20:06:10','2020-09-15 20:06:10'),(24,4,45.00,41,'2020-09-15 20:06:10','2020-09-15 20:06:10'),(25,7,120.00,41,'2020-09-15 20:06:10','2020-09-15 20:06:10'),(27,4,45.00,44,'2020-09-15 22:41:58','2020-09-15 22:41:58'),(28,7,120.00,44,'2020-09-15 22:41:58','2020-09-15 22:41:58'),(33,5,85.00,52,'2020-09-16 15:10:15','2020-09-16 15:10:15'),(34,2,85.00,55,'2020-09-16 22:05:54','2020-09-16 22:05:54'),(35,4,45.00,55,'2020-09-16 22:05:54','2020-09-16 22:05:54'),(36,7,120.00,55,'2020-09-16 22:05:54','2020-09-16 22:05:54'),(37,4,45.00,56,'2020-09-16 22:07:41','2020-09-16 22:07:41'),(38,7,120.00,56,'2020-09-16 22:07:41','2020-09-16 22:07:41'),(39,10,70.00,56,'2020-09-16 22:07:41','2020-09-16 22:07:41'),(40,9,25.00,58,'2020-09-16 22:14:47','2020-09-16 22:14:47'),(41,7,120.00,67,'2020-09-17 21:38:16','2020-09-17 21:38:16'),(42,4,45.00,69,'2020-09-17 22:24:49','2020-09-17 22:24:49'),(43,10,70.00,81,'2020-09-19 00:12:36','2020-09-19 00:12:36'),(44,4,45.00,83,'2020-09-19 19:41:35','2020-09-19 19:41:35'),(45,8,60.00,83,'2020-09-19 19:41:35','2020-09-19 19:41:35'),(46,2,85.00,84,'2020-09-19 19:41:53','2020-09-19 19:41:53'),(47,4,45.00,85,'2020-09-19 19:52:25','2020-09-19 19:52:25'),(48,7,120.00,85,'2020-09-19 19:52:25','2020-09-19 19:52:25'),(50,7,120.00,91,'2020-09-19 19:56:51','2020-09-19 19:56:51'),(51,11,240.00,91,'2020-09-19 19:56:51','2020-09-19 19:56:51'),(52,11,240.00,91,'2020-09-19 19:56:51','2020-09-19 19:56:51'),(53,6,170.00,96,'2020-09-22 00:32:36','2020-09-22 00:32:36'),(54,7,120.00,96,'2020-09-22 00:32:36','2020-09-22 00:32:36'),(55,8,60.00,96,'2020-09-22 00:32:36','2020-09-22 00:32:36'),(56,10,70.00,98,'2020-09-22 00:33:08','2020-09-22 00:33:08'),(57,10,70.00,99,'2020-09-22 00:33:43','2020-09-22 00:33:43'),(58,7,120.00,99,'2020-09-22 00:33:43','2020-09-22 00:33:43'),(59,3,70.00,103,'2020-09-22 00:36:23','2020-09-22 00:36:23'),(60,8,60.00,104,'2020-09-22 00:40:52','2020-09-22 00:40:52'),(61,8,60.00,104,'2020-09-22 00:40:52','2020-09-22 00:40:52'),(62,5,85.00,104,'2020-09-22 00:40:52','2020-09-22 00:40:52'),(64,10,70.00,107,'2020-09-23 00:43:41','2020-09-23 00:43:41'),(65,7,120.00,107,'2020-09-23 00:43:41','2020-09-23 00:43:41'),(66,4,45.00,107,'2020-09-23 00:43:41','2020-09-23 00:43:41'),(67,7,120.00,108,'2020-09-23 00:44:43','2020-09-23 00:44:43'),(68,4,45.00,114,'2020-09-23 00:48:03','2020-09-23 00:48:03'),(69,8,60.00,114,'2020-09-23 00:48:03','2020-09-23 00:48:03'),(70,4,45.00,115,'2020-09-23 17:20:35','2020-09-23 17:20:35'),(71,8,60.00,115,'2020-09-23 17:20:35','2020-09-23 17:20:35'),(72,12,45.00,120,'2020-09-23 17:37:55','2020-09-23 17:37:55'),(73,8,60.00,122,'2020-09-24 21:39:13','2020-09-24 21:39:13'),(76,11,240.00,127,'2020-09-24 21:44:58','2020-09-24 21:44:58'),(77,11,240.00,127,'2020-09-24 21:44:58','2020-09-24 21:44:58'),(78,10,70.00,127,'2020-09-24 21:44:58','2020-09-24 21:44:58'),(79,6,170.00,127,'2020-09-24 21:44:58','2020-09-24 21:44:58'),(80,10,70.00,134,'2020-09-24 21:49:03','2020-09-24 21:49:03'),(81,4,45.00,134,'2020-09-24 21:49:03','2020-09-24 21:49:03'),(82,8,60.00,134,'2020-09-24 21:49:03','2020-09-24 21:49:03'),(83,14,70.00,135,'2020-09-24 22:07:53','2020-09-24 22:07:53'),(84,11,240.00,136,'2020-09-24 22:08:35','2020-09-24 22:08:35'),(85,11,240.00,136,'2020-09-24 22:08:35','2020-09-24 22:08:35'),(86,14,70.00,136,'2020-09-24 22:08:35','2020-09-24 22:08:35'),(87,14,70.00,137,'2020-09-24 22:09:08','2020-09-24 22:09:08'),(88,7,120.00,138,'2020-09-24 22:10:21','2020-09-24 22:10:21'),(89,10,70.00,138,'2020-09-24 22:10:21','2020-09-24 22:10:21'),(90,4,45.00,148,'2020-09-26 23:45:25','2020-09-26 23:45:25'),(91,4,45.00,149,'2020-09-26 23:46:40','2020-09-26 23:46:40'),(92,8,60.00,149,'2020-09-26 23:46:40','2020-09-26 23:46:40'),(93,7,120.00,149,'2020-09-26 23:46:40','2020-09-26 23:46:40'),(94,4,45.00,157,'2020-09-26 23:56:50','2020-09-26 23:56:50'),(95,7,120.00,157,'2020-09-26 23:56:50','2020-09-26 23:56:50'),(96,7,120.00,157,'2020-09-26 23:56:50','2020-09-26 23:56:50'),(97,10,70.00,158,'2020-09-26 23:58:57','2020-09-26 23:58:57'),(98,7,120.00,158,'2020-09-26 23:58:57','2020-09-26 23:58:57'),(99,4,45.00,158,'2020-09-26 23:58:57','2020-09-26 23:58:57'),(100,8,60.00,158,'2020-09-26 23:58:57','2020-09-26 23:58:57'),(102,2,85.00,163,'2020-09-28 19:39:13','2020-09-28 19:39:13'),(103,3,70.00,163,'2020-09-28 19:39:13','2020-09-28 19:39:13'),(104,4,45.00,164,'2020-09-28 19:40:18','2020-09-28 19:40:18'),(105,7,120.00,164,'2020-09-28 19:40:18','2020-09-28 19:40:18'),(106,4,45.00,166,'2020-09-28 19:41:19','2020-09-28 19:41:19');
/*!40000 ALTER TABLE `product_orders` ENABLE KEYS */;
UNLOCK TABLES;
DROP TABLE IF EXISTS `products`;
/*!40101 SET @saved_cs_client     = @@character_set_client */;
/*!40101 SET character_set_client = utf8 */;
CREATE TABLE `products` (
  `id` bigint(20) unsigned NOT NULL AUTO_INCREMENT,
  `type_id` bigint(20) NOT NULL,
  `name` varchar(255) COLLATE utf8mb4_unicode_ci NOT NULL,
  `price` decimal(5,2) NOT NULL,
  `created_at` timestamp NULL DEFAULT NULL,
  `updated_at` timestamp NULL DEFAULT NULL,
  PRIMARY KEY (`id`)
) ENGINE=InnoDB AUTO_INCREMENT=15 DEFAULT CHARSET=utf8mb4 COLLATE=utf8mb4_unicode_ci;
/*!40101 SET character_set_client = @saved_cs_client */;

LOCK TABLES `products` WRITE;
/*!40000 ALTER TABLE `products` DISABLE KEYS */;
INSERT INTO `products` VALUES (1,2,'Haar leave in kl',35.00,'2020-09-10 22:51:12','2020-09-15 05:20:27'),(2,2,'Shampoo+cond',85.00,'2020-09-10 22:51:23','2020-09-15 05:19:54'),(3,2,'Haar leave in gr',70.00,'2020-09-15 05:20:48','2020-09-15 05:20:48'),(4,2,'Zeep 45',45.00,'2020-09-15 05:21:09','2020-09-15 05:21:09'),(5,2,'Zeep 85',85.00,'2020-09-15 05:21:24','2020-09-15 05:21:24'),(6,2,'Zeep 170',170.00,'2020-09-15 05:21:40','2020-09-15 05:21:40'),(7,2,'Zware creme',120.00,'2020-09-15 05:21:58','2020-09-15 05:21:58'),(8,2,'Normale creme',60.00,'2020-09-15 05:22:15','2020-09-15 05:22:15'),(9,2,'Herbal oil',25.00,'2020-09-15 15:16:08','2020-09-15 15:16:08'),(10,2,'Serum',70.00,'2020-09-15 20:04:36','2020-09-15 20:04:36'),(11,2,'Creme 240',240.00,'2020-09-19 19:55:52','2020-09-19 19:55:52'),(12,2,'Conditioner',45.00,'2020-09-23 17:36:42','2020-09-23 17:36:42'),(13,2,'Leave in 35',35.00,'2020-09-24 21:49:38','2020-09-24 21:49:38'),(14,2,'Leave in 70',70.00,'2020-09-24 21:49:52','2020-09-24 21:49:52');
/*!40000 ALTER TABLE `products` ENABLE KEYS */;
UNLOCK TABLES;
DROP TABLE IF EXISTS `role_has_permissions`;
/*!40101 SET @saved_cs_client     = @@character_set_client */;
/*!40101 SET character_set_client = utf8 */;
CREATE TABLE `role_has_permissions` (
  `permission_id` bigint(20) unsigned NOT NULL,
  `role_id` bigint(20) unsigned NOT NULL,
  PRIMARY KEY (`permission_id`,`role_id`),
  KEY `role_has_permissions_role_id_foreign` (`role_id`),
  CONSTRAINT `role_has_permissions_permission_id_foreign` FOREIGN KEY (`permission_id`) REFERENCES `permissions` (`id`) ON DELETE CASCADE,
  CONSTRAINT `role_has_permissions_role_id_foreign` FOREIGN KEY (`role_id`) REFERENCES `roles` (`id`) ON DELETE CASCADE
) ENGINE=InnoDB DEFAULT CHARSET=utf8mb4 COLLATE=utf8mb4_unicode_ci;
/*!40101 SET character_set_client = @saved_cs_client */;

LOCK TABLES `role_has_permissions` WRITE;
/*!40000 ALTER TABLE `role_has_permissions` DISABLE KEYS */;
INSERT INTO `role_has_permissions` VALUES (1,1),(2,1),(3,1),(4,1),(5,1),(6,1),(7,1),(8,1),(1,2);
/*!40000 ALTER TABLE `role_has_permissions` ENABLE KEYS */;
UNLOCK TABLES;
DROP TABLE IF EXISTS `roles`;
/*!40101 SET @saved_cs_client     = @@character_set_client */;
/*!40101 SET character_set_client = utf8 */;
CREATE TABLE `roles` (
  `id` bigint(20) unsigned NOT NULL AUTO_INCREMENT,
  `name` varchar(255) COLLATE utf8mb4_unicode_ci NOT NULL,
  `guard_name` varchar(255) COLLATE utf8mb4_unicode_ci NOT NULL,
  `created_at` timestamp NULL DEFAULT NULL,
  `updated_at` timestamp NULL DEFAULT NULL,
  PRIMARY KEY (`id`)
) ENGINE=InnoDB AUTO_INCREMENT=3 DEFAULT CHARSET=utf8mb4 COLLATE=utf8mb4_unicode_ci;
/*!40101 SET character_set_client = @saved_cs_client */;

LOCK TABLES `roles` WRITE;
/*!40000 ALTER TABLE `roles` DISABLE KEYS */;
INSERT INTO `roles` VALUES (1,'Admin','web','2020-07-10 05:24:26','2020-07-10 05:24:26'),(2,'User','web','2020-07-10 06:19:30','2020-07-10 06:19:30');
/*!40000 ALTER TABLE `roles` ENABLE KEYS */;
UNLOCK TABLES;
DROP TABLE IF EXISTS `service_orders`;
/*!40101 SET @saved_cs_client     = @@character_set_client */;
/*!40101 SET character_set_client = utf8 */;
CREATE TABLE `service_orders` (
  `id` bigint(20) unsigned NOT NULL AUTO_INCREMENT,
  `service_id` bigint(20) DEFAULT NULL,
  `price` decimal(16,2) NOT NULL,
  `service_payment_id` bigint(20) DEFAULT NULL,
  `created_at` timestamp NULL DEFAULT NULL,
  `updated_at` timestamp NULL DEFAULT NULL,
  PRIMARY KEY (`id`)
) ENGINE=InnoDB AUTO_INCREMENT=283 DEFAULT CHARSET=utf8mb4 COLLATE=utf8mb4_unicode_ci;
/*!40101 SET character_set_client = @saved_cs_client */;

LOCK TABLES `service_orders` WRITE;
/*!40000 ALTER TABLE `service_orders` DISABLE KEYS */;
INSERT INTO `service_orders` VALUES (54,54,25.00,31,'2020-09-15 15:06:52','2020-09-15 15:06:52'),(55,10,175.00,31,'2020-09-15 15:06:52','2020-09-15 15:06:52'),(60,8,50.00,33,'2020-09-15 15:19:54','2020-09-15 15:19:54'),(61,8,50.00,33,'2020-09-15 15:19:54','2020-09-15 15:19:54'),(62,55,100.00,33,'2020-09-15 15:19:54','2020-09-15 15:19:54'),(63,55,100.00,33,'2020-09-15 15:19:54','2020-09-15 15:19:54'),(65,2,400.00,35,'2020-09-15 16:25:20','2020-09-15 16:25:20'),(66,2,400.00,36,'2020-09-15 17:10:26','2020-09-15 17:10:26'),(67,23,125.00,36,'2020-09-15 17:10:26','2020-09-15 17:10:26'),(68,2,400.00,37,'2020-09-15 19:13:46','2020-09-15 19:13:46'),(69,2,400.00,39,'2020-09-15 19:23:17','2020-09-15 19:23:17'),(71,9,100.00,41,'2020-09-15 20:06:10','2020-09-15 20:06:10'),(74,9,100.00,44,'2020-09-15 22:41:58','2020-09-15 22:41:58'),(75,28,100.00,44,'2020-09-15 22:41:58','2020-09-15 22:41:58'),(77,9,100.00,50,'2020-09-16 15:01:50','2020-09-16 15:01:50'),(78,54,25.00,50,'2020-09-16 15:01:50','2020-09-16 15:01:50'),(79,32,50.00,51,'2020-09-16 15:07:52','2020-09-16 15:07:52'),(80,33,50.00,51,'2020-09-16 15:07:52','2020-09-16 15:07:52'),(81,8,50.00,51,'2020-09-16 15:07:52','2020-09-16 15:07:52'),(82,8,50.00,52,'2020-09-16 15:10:15','2020-09-16 15:10:15'),(83,42,250.00,53,'2020-09-16 22:02:49','2020-09-16 22:02:49'),(85,29,135.00,55,'2020-09-16 22:05:54','2020-09-16 22:05:54'),(86,3,400.00,55,'2020-09-16 22:05:54','2020-09-16 22:05:54'),(87,41,400.00,55,'2020-09-16 22:05:54','2020-09-16 22:05:54'),(88,8,50.00,56,'2020-09-16 22:07:41','2020-09-16 22:07:41'),(89,11,75.00,56,'2020-09-16 22:07:41','2020-09-16 22:07:41'),(90,28,100.00,56,'2020-09-16 22:07:41','2020-09-16 22:07:41'),(91,33,50.00,57,'2020-09-16 22:08:18','2020-09-16 22:08:18'),(92,14,15.00,57,'2020-09-16 22:08:18','2020-09-16 22:08:18'),(93,2,400.00,58,'2020-09-16 22:14:47','2020-09-16 22:14:47'),(94,9,100.00,58,'2020-09-16 22:14:47','2020-09-16 22:14:47'),(95,54,25.00,58,'2020-09-16 22:14:47','2020-09-16 22:14:47'),(96,2,400.00,59,'2020-09-16 23:04:37','2020-09-16 23:04:37'),(97,13,20.00,60,'2020-09-16 23:05:06','2020-09-16 23:05:06'),(98,8,50.00,61,'2020-09-16 23:05:40','2020-09-16 23:05:40'),(99,13,20.00,61,'2020-09-16 23:05:40','2020-09-16 23:05:40'),(100,55,100.00,62,'2020-09-16 23:06:28','2020-09-16 23:06:28'),(101,55,100.00,62,'2020-09-16 23:06:28','2020-09-16 23:06:28'),(102,13,20.00,62,'2020-09-16 23:06:28','2020-09-16 23:06:28'),(103,13,20.00,62,'2020-09-16 23:06:28','2020-09-16 23:06:28'),(104,43,300.00,63,'2020-09-17 21:22:27','2020-09-17 21:22:27'),(105,53,150.00,64,'2020-09-17 21:23:53','2020-09-17 21:23:53'),(106,53,150.00,64,'2020-09-17 21:23:53','2020-09-17 21:23:53'),(107,9,100.00,65,'2020-09-17 21:25:43','2020-09-17 21:25:43'),(108,29,135.00,65,'2020-09-17 21:25:43','2020-09-17 21:25:43'),(109,54,25.00,66,'2020-09-17 21:37:30','2020-09-17 21:37:30'),(110,15,35.00,66,'2020-09-17 21:37:30','2020-09-17 21:37:30'),(111,8,50.00,67,'2020-09-17 21:38:16','2020-09-17 21:38:16'),(112,54,25.00,68,'2020-09-17 21:39:28','2020-09-17 21:39:28'),(113,8,50.00,68,'2020-09-17 21:39:28','2020-09-17 21:39:28'),(114,15,35.00,68,'2020-09-17 21:39:28','2020-09-17 21:39:28'),(115,8,50.00,69,'2020-09-17 22:24:49','2020-09-17 22:24:49'),(116,13,20.00,69,'2020-09-17 22:24:49','2020-09-17 22:24:49'),(117,14,15.00,69,'2020-09-17 22:24:49','2020-09-17 22:24:49'),(118,8,50.00,70,'2020-09-17 22:26:27','2020-09-17 22:26:27'),(119,28,100.00,70,'2020-09-17 22:26:27','2020-09-17 22:26:27'),(120,24,100.00,70,'2020-09-17 22:26:27','2020-09-17 22:26:27'),(121,2,400.00,71,'2020-09-18 21:01:47','2020-09-18 21:01:47'),(122,55,100.00,71,'2020-09-18 21:01:47','2020-09-18 21:01:47'),(123,3,400.00,72,'2020-09-18 21:02:04','2020-09-18 21:02:04'),(124,2,400.00,73,'2020-09-18 21:02:25','2020-09-18 21:02:25'),(125,3,400.00,73,'2020-09-18 21:02:25','2020-09-18 21:02:25'),(127,42,250.00,75,'2020-09-18 21:03:24','2020-09-18 21:03:24'),(128,8,50.00,76,'2020-09-18 21:03:46','2020-09-18 21:03:46'),(129,13,20.00,77,'2020-09-18 21:04:14','2020-09-18 21:04:14'),(130,9,100.00,78,'2020-09-18 21:04:39','2020-09-18 21:04:39'),(131,54,25.00,79,'2020-09-18 21:05:10','2020-09-18 21:05:10'),(132,55,100.00,79,'2020-09-18 21:05:10','2020-09-18 21:05:10'),(133,13,20.00,80,'2020-09-18 21:05:51','2020-09-18 21:05:51'),(134,13,20.00,80,'2020-09-18 21:05:51','2020-09-18 21:05:51'),(135,14,15.00,80,'2020-09-18 21:05:51','2020-09-18 21:05:51'),(136,8,50.00,81,'2020-09-19 00:12:36','2020-09-19 00:12:36'),(137,22,150.00,82,'2020-09-19 19:40:54','2020-09-19 19:40:54'),(138,2,400.00,83,'2020-09-19 19:41:35','2020-09-19 19:41:35'),(139,8,50.00,83,'2020-09-19 19:41:35','2020-09-19 19:41:35'),(140,56,500.00,85,'2020-09-19 19:52:25','2020-09-19 19:52:25'),(141,56,500.00,86,'2020-09-19 19:52:45','2020-09-19 19:52:45'),(142,40,300.00,87,'2020-09-19 19:53:15','2020-09-19 19:53:15'),(143,40,300.00,87,'2020-09-19 19:53:15','2020-09-19 19:53:15'),(149,37,250.00,90,'2020-09-19 19:55:20','2020-09-19 19:55:20'),(150,42,250.00,91,'2020-09-19 19:56:51','2020-09-19 19:56:51'),(151,46,50.00,91,'2020-09-19 19:56:51','2020-09-19 19:56:51'),(152,13,20.00,91,'2020-09-19 19:56:51','2020-09-19 19:56:51'),(153,8,50.00,91,'2020-09-19 19:56:51','2020-09-19 19:56:51'),(154,28,100.00,92,'2020-09-19 19:57:17','2020-09-19 19:57:17'),(155,56,500.00,93,'2020-09-22 00:28:45','2020-09-22 00:28:45'),(156,2,400.00,94,'2020-09-22 00:29:06','2020-09-22 00:29:06'),(157,2,400.00,94,'2020-09-22 00:29:06','2020-09-22 00:29:06'),(158,56,500.00,95,'2020-09-22 00:30:22','2020-09-22 00:30:22'),(159,2,400.00,97,'2020-09-22 00:32:54','2020-09-22 00:32:54'),(160,29,135.00,99,'2020-09-22 00:33:43','2020-09-22 00:33:43'),(161,54,25.00,100,'2020-09-22 00:34:19','2020-09-22 00:34:19'),(162,42,250.00,100,'2020-09-22 00:34:19','2020-09-22 00:34:19'),(163,55,100.00,100,'2020-09-22 00:34:19','2020-09-22 00:34:19'),(164,39,250.00,101,'2020-09-22 00:34:48','2020-09-22 00:34:48'),(165,2,400.00,101,'2020-09-22 00:34:48','2020-09-22 00:34:48'),(166,3,400.00,101,'2020-09-22 00:34:48','2020-09-22 00:34:48'),(167,55,100.00,102,'2020-09-22 00:35:48','2020-09-22 00:35:48'),(168,55,100.00,102,'2020-09-22 00:35:48','2020-09-22 00:35:48'),(169,55,100.00,102,'2020-09-22 00:35:48','2020-09-22 00:35:48'),(170,9,100.00,102,'2020-09-22 00:35:48','2020-09-22 00:35:48'),(171,9,100.00,102,'2020-09-22 00:35:48','2020-09-22 00:35:48'),(173,37,250.00,106,'2020-09-23 00:42:28','2020-09-23 00:42:28'),(174,8,50.00,106,'2020-09-23 00:42:28','2020-09-23 00:42:28'),(175,29,135.00,106,'2020-09-23 00:42:28','2020-09-23 00:42:28'),(176,34,125.00,106,'2020-09-23 00:42:28','2020-09-23 00:42:28'),(177,8,50.00,106,'2020-09-23 00:42:28','2020-09-23 00:42:28'),(178,3,400.00,107,'2020-09-23 00:43:41','2020-09-23 00:43:41'),(179,13,20.00,107,'2020-09-23 00:43:41','2020-09-23 00:43:41'),(180,28,100.00,108,'2020-09-23 00:44:43','2020-09-23 00:44:43'),(181,24,100.00,108,'2020-09-23 00:44:43','2020-09-23 00:44:43'),(182,8,50.00,108,'2020-09-23 00:44:43','2020-09-23 00:44:43'),(183,2,400.00,109,'2020-09-23 00:45:10','2020-09-23 00:45:10'),(184,2,400.00,109,'2020-09-23 00:45:10','2020-09-23 00:45:10'),(185,29,135.00,110,'2020-09-23 00:45:40','2020-09-23 00:45:40'),(186,13,20.00,110,'2020-09-23 00:45:40','2020-09-23 00:45:40'),(187,56,500.00,111,'2020-09-23 00:46:28','2020-09-23 00:46:28'),(188,13,20.00,112,'2020-09-23 00:46:48','2020-09-23 00:46:48'),(189,54,25.00,112,'2020-09-23 00:46:48','2020-09-23 00:46:48'),(190,56,500.00,113,'2020-09-23 00:47:26','2020-09-23 00:47:26'),(191,54,25.00,113,'2020-09-23 00:47:26','2020-09-23 00:47:26'),(192,9,100.00,114,'2020-09-23 00:48:03','2020-09-23 00:48:03'),(193,15,35.00,114,'2020-09-23 00:48:03','2020-09-23 00:48:03'),(194,9,100.00,115,'2020-09-23 17:20:35','2020-09-23 17:20:35'),(195,55,100.00,115,'2020-09-23 17:20:35','2020-09-23 17:20:35'),(196,23,125.00,115,'2020-09-23 17:20:35','2020-09-23 17:20:35'),(197,8,50.00,116,'2020-09-23 17:23:17','2020-09-23 17:23:17'),(198,13,20.00,116,'2020-09-23 17:23:17','2020-09-23 17:23:17'),(199,8,50.00,117,'2020-09-23 17:30:40','2020-09-23 17:30:40'),(200,3,400.00,118,'2020-09-23 17:33:13','2020-09-23 17:33:13'),(204,8,50.00,120,'2020-09-23 17:37:55','2020-09-23 17:37:55'),(205,32,50.00,120,'2020-09-23 17:37:55','2020-09-23 17:37:55'),(206,14,15.00,120,'2020-09-23 17:37:55','2020-09-23 17:37:55'),(207,29,135.00,121,'2020-09-23 20:02:05','2020-09-23 20:02:05'),(208,33,50.00,121,'2020-09-23 20:02:05','2020-09-23 20:02:05'),(209,39,250.00,124,'2020-09-24 21:42:25','2020-09-24 21:42:25'),(210,29,135.00,124,'2020-09-24 21:42:25','2020-09-24 21:42:25'),(211,16,60.00,124,'2020-09-24 21:42:25','2020-09-24 21:42:25'),(212,13,20.00,124,'2020-09-24 21:42:25','2020-09-24 21:42:25'),(213,2,400.00,125,'2020-09-24 21:43:00','2020-09-24 21:43:00'),(214,55,100.00,126,'2020-09-24 21:44:06','2020-09-24 21:44:06'),(215,54,25.00,126,'2020-09-24 21:44:06','2020-09-24 21:44:06'),(216,35,25.00,126,'2020-09-24 21:44:06','2020-09-24 21:44:06'),(217,2,400.00,128,'2020-09-24 21:45:22','2020-09-24 21:45:22'),(220,3,400.00,130,'2020-09-24 21:46:38','2020-09-24 21:46:38'),(221,3,400.00,130,'2020-09-24 21:46:38','2020-09-24 21:46:38'),(222,9,100.00,131,'2020-09-24 21:47:19','2020-09-24 21:47:19'),(223,15,35.00,131,'2020-09-24 21:47:19','2020-09-24 21:47:19'),(224,55,100.00,131,'2020-09-24 21:47:19','2020-09-24 21:47:19'),(225,54,25.00,131,'2020-09-24 21:47:19','2020-09-24 21:47:19'),(226,9,100.00,132,'2020-09-24 21:47:43','2020-09-24 21:47:43'),(227,8,50.00,133,'2020-09-24 21:48:20','2020-09-24 21:48:20'),(228,8,50.00,134,'2020-09-24 21:49:03','2020-09-24 21:49:03'),(229,56,500.00,135,'2020-09-24 22:07:53','2020-09-24 22:07:53'),(230,43,300.00,135,'2020-09-24 22:07:53','2020-09-24 22:07:53'),(231,8,50.00,138,'2020-09-24 22:10:21','2020-09-24 22:10:21'),(232,13,20.00,138,'2020-09-24 22:10:21','2020-09-24 22:10:21'),(233,13,20.00,138,'2020-09-24 22:10:21','2020-09-24 22:10:21'),(234,13,20.00,139,'2020-09-24 22:11:28','2020-09-24 22:11:28'),(235,14,15.00,139,'2020-09-24 22:11:28','2020-09-24 22:11:28'),(236,8,50.00,140,'2020-09-25 23:31:42','2020-09-26 23:31:42'),(237,31,100.00,141,'2020-09-25 23:32:16','2020-09-26 23:32:16'),(238,13,20.00,141,'2020-09-25 23:32:16','2020-09-26 23:32:16'),(239,6,500.00,142,'2020-09-25 23:33:24','2020-09-26 23:33:24'),(240,54,30.00,143,'2020-09-25 23:34:12','2020-09-26 23:34:12'),(241,8,50.00,144,'2020-09-25 23:35:42','2020-09-26 23:35:42'),(242,18,75.00,144,'2020-09-25 23:35:42','2020-09-26 23:35:42'),(243,57,65.00,145,'2020-09-25 23:36:21','2020-09-26 23:36:21'),(244,9,100.00,146,'2020-09-26 23:43:47','2020-09-26 23:43:47'),(245,15,35.00,146,'2020-09-26 23:43:47','2020-09-26 23:43:47'),(246,12,30.00,146,'2020-09-26 23:43:47','2020-09-26 23:43:47'),(247,55,125.00,147,'2020-09-26 23:44:35','2020-09-26 23:44:35'),(248,8,50.00,148,'2020-09-26 23:45:25','2020-09-26 23:45:25'),(249,9,100.00,149,'2020-09-26 23:46:40','2020-09-26 23:46:40'),(250,29,135.00,150,'2020-09-26 23:47:57','2020-09-26 23:47:57'),(251,54,30.00,150,'2020-09-26 23:47:57','2020-09-26 23:47:57'),(254,11,75.00,152,'2020-09-26 23:51:35','2020-09-26 23:51:35'),(255,9,100.00,152,'2020-09-26 23:51:35','2020-09-26 23:51:35'),(256,57,65.00,152,'2020-09-26 23:51:35','2020-09-26 23:51:35'),(257,8,50.00,153,'2020-09-26 23:52:37','2020-09-26 23:52:37'),(258,28,100.00,153,'2020-09-26 23:52:37','2020-09-26 23:52:37'),(259,24,100.00,153,'2020-09-26 23:52:37','2020-09-26 23:52:37'),(260,33,50.00,153,'2020-09-26 23:52:37','2020-09-26 23:52:37'),(261,56,500.00,154,'2020-09-26 23:53:02','2020-09-26 23:53:02'),(262,3,400.00,155,'2020-09-26 23:53:37','2020-09-26 23:53:37'),(263,2,400.00,155,'2020-09-26 23:53:37','2020-09-26 23:53:37'),(264,2,400.00,156,'2020-09-26 23:55:42','2020-09-26 23:55:42'),(265,28,100.00,157,'2020-09-26 23:56:50','2020-09-26 23:56:50'),(266,29,135.00,157,'2020-09-26 23:56:50','2020-09-26 23:56:50'),(269,9,100.00,160,'2020-09-28 19:37:17','2020-09-28 19:37:17'),(272,14,15.00,162,'2020-09-28 19:38:17','2020-09-28 19:38:17'),(273,15,35.00,162,'2020-09-28 19:38:17','2020-09-28 19:38:17'),(274,38,300.00,163,'2020-09-28 19:39:13','2020-09-28 19:39:13'),(275,40,300.00,163,'2020-09-28 19:39:13','2020-09-28 19:39:13'),(276,28,100.00,164,'2020-09-28 19:40:18','2020-09-28 19:40:18'),(280,8,50.00,166,'2020-09-28 19:41:19','2020-09-28 19:41:19'),(281,13,20.00,166,'2020-09-28 19:41:19','2020-09-28 19:41:19'),(282,16,60.00,166,'2020-09-28 19:41:19','2020-09-28 19:41:19');
/*!40000 ALTER TABLE `service_orders` ENABLE KEYS */;
UNLOCK TABLES;
DROP TABLE IF EXISTS `service_payments`;
/*!40101 SET @saved_cs_client     = @@character_set_client */;
/*!40101 SET character_set_client = utf8 */;
CREATE TABLE `service_payments` (
  `id` bigint(20) unsigned NOT NULL AUTO_INCREMENT,
  `service_discount` varchar(255) COLLATE utf8mb4_unicode_ci DEFAULT NULL,
  `product_discount` varchar(255) COLLATE utf8mb4_unicode_ci DEFAULT NULL,
  `total` varchar(255) COLLATE utf8mb4_unicode_ci DEFAULT NULL,
  `actualtotal` varchar(255) COLLATE utf8mb4_unicode_ci DEFAULT NULL,
  `client_id` bigint(20) DEFAULT NULL,
  `created_at` timestamp NULL DEFAULT NULL,
  `updated_at` timestamp NULL DEFAULT NULL,
  PRIMARY KEY (`id`)
) ENGINE=InnoDB AUTO_INCREMENT=167 DEFAULT CHARSET=utf8mb4 COLLATE=utf8mb4_unicode_ci;
/*!40101 SET character_set_client = @saved_cs_client */;

LOCK TABLES `service_payments` WRITE;
/*!40000 ALTER TABLE `service_payments` DISABLE KEYS */;
INSERT INTO `service_payments` VALUES (31,'50',NULL,'245','195',8,'2020-09-15 15:06:52','2020-09-15 15:06:52'),(33,'100',NULL,'430','330',9,'2020-09-15 15:19:54','2020-09-15 15:19:54'),(35,NULL,NULL,'400','400',10,'2020-09-15 16:25:20','2020-09-15 16:25:20'),(36,NULL,NULL,'525','525',14,'2020-09-15 17:10:26','2020-09-15 17:10:26'),(37,NULL,NULL,'400','400',16,'2020-09-15 19:13:46','2020-09-15 19:13:46'),(39,NULL,NULL,'400','400',18,'2020-09-15 19:23:17','2020-09-15 19:23:17'),(41,NULL,NULL,'335','335',13,'2020-09-15 20:06:10','2020-09-15 20:06:10'),(44,NULL,NULL,'365','365',17,'2020-09-15 22:41:58','2020-09-15 22:41:58'),(50,NULL,NULL,'125','125',15,'2020-09-16 15:01:50','2020-09-16 15:01:50'),(51,NULL,NULL,'150','150',20,'2020-09-16 15:07:52','2020-09-16 15:07:52'),(52,NULL,NULL,'135','135',21,'2020-09-16 15:10:15','2020-09-16 15:10:15'),(53,NULL,NULL,'250','250',22,'2020-09-16 22:02:49','2020-09-16 22:02:49'),(55,'115',NULL,'1185','1070',23,'2020-09-16 22:05:54','2020-09-16 22:05:54'),(56,'50',NULL,'460','410',24,'2020-09-16 22:07:41','2020-09-16 22:07:41'),(57,NULL,NULL,'65','65',25,'2020-09-16 22:08:18','2020-09-16 22:08:18'),(58,NULL,NULL,'550','550',26,'2020-09-16 22:14:47','2020-09-16 22:14:47'),(59,NULL,NULL,'400','400',29,'2020-09-16 23:04:37','2020-09-16 23:04:37'),(60,NULL,NULL,'20','20',28,'2020-09-16 23:05:06','2020-09-16 23:05:06'),(61,NULL,NULL,'70','70',30,'2020-09-16 23:05:40','2020-09-16 23:05:40'),(62,NULL,NULL,'240','240',27,'2020-09-16 23:06:28','2020-09-16 23:06:28'),(63,NULL,NULL,'300','300',20,'2020-09-17 21:22:27','2020-09-17 21:22:27'),(64,NULL,NULL,'300','300',34,'2020-09-17 21:23:53','2020-09-17 21:23:53'),(65,NULL,NULL,'235','235',38,'2020-09-17 21:25:43','2020-09-17 21:25:43'),(66,NULL,NULL,'60','60',32,'2020-09-17 21:37:30','2020-09-17 21:37:30'),(67,NULL,NULL,'170','170',31,'2020-09-17 21:38:16','2020-09-17 21:38:16'),(68,NULL,NULL,'110','110',33,'2020-09-17 21:39:28','2020-09-17 21:39:28'),(69,NULL,NULL,'130','130',39,'2020-09-17 22:24:49','2020-09-17 22:24:49'),(70,NULL,NULL,'250','250',40,'2020-09-17 22:26:27','2020-09-17 22:26:27'),(71,NULL,NULL,'500','500',42,'2020-09-18 21:01:47','2020-09-18 21:01:47'),(72,NULL,NULL,'400','400',41,'2020-09-18 21:02:04','2020-09-18 21:02:04'),(73,NULL,NULL,'800','800',44,'2020-09-18 21:02:25','2020-09-18 21:02:25'),(75,NULL,NULL,'250','250',43,'2020-09-18 21:03:24','2020-09-18 21:03:24'),(76,NULL,NULL,'50','50',45,'2020-09-18 21:03:46','2020-09-18 21:03:46'),(77,NULL,NULL,'20','20',46,'2020-09-18 21:04:14','2020-09-18 21:04:14'),(78,NULL,NULL,'100','100',47,'2020-09-18 21:04:39','2020-09-18 21:04:39'),(79,NULL,NULL,'125','125',48,'2020-09-18 21:05:10','2020-09-18 21:05:10'),(80,NULL,NULL,'55','55',49,'2020-09-18 21:05:51','2020-09-18 21:05:51'),(81,NULL,NULL,'120','120',11,'2020-09-19 00:12:36','2020-09-19 00:12:36'),(82,NULL,NULL,'150','150',52,'2020-09-19 19:40:54','2020-09-19 19:40:54'),(83,NULL,NULL,'555','555',53,'2020-09-19 19:41:35','2020-09-19 19:41:35'),(84,NULL,NULL,'85','85',27,'2020-09-19 19:41:53','2020-09-19 19:41:53'),(85,NULL,NULL,'665','665',56,'2020-09-19 19:52:25','2020-09-19 19:52:25'),(86,NULL,NULL,'500','500',57,'2020-09-19 19:52:45','2020-09-19 19:52:45'),(87,NULL,NULL,'600','600',54,'2020-09-19 19:53:15','2020-09-19 19:53:15'),(90,NULL,NULL,'250','250',51,'2020-09-19 19:55:20','2020-09-19 19:55:20'),(91,NULL,NULL,'970','970',55,'2020-09-19 19:56:51','2020-09-19 19:56:51'),(92,NULL,NULL,'100','100',58,'2020-09-19 19:57:17','2020-09-19 19:57:17'),(93,NULL,NULL,'500','500',68,'2020-09-22 00:28:45','2020-09-22 00:28:45'),(94,NULL,NULL,'800','800',63,'2020-09-22 00:29:06','2020-09-22 00:29:06'),(95,NULL,NULL,'500','500',69,'2020-09-22 00:30:22','2020-09-22 00:30:22'),(96,NULL,NULL,'350','350',66,'2020-09-22 00:32:36','2020-09-22 00:32:36'),(97,NULL,NULL,'400','400',61,'2020-09-22 00:32:54','2020-09-22 00:32:54'),(98,NULL,NULL,'70','70',64,'2020-09-22 00:33:08','2020-09-22 00:33:08'),(99,NULL,NULL,'325','325',65,'2020-09-22 00:33:43','2020-09-22 00:33:43'),(100,NULL,NULL,'375','375',60,'2020-09-22 00:34:19','2020-09-22 00:34:19'),(101,NULL,NULL,'1050','1050',62,'2020-09-22 00:34:48','2020-09-22 00:34:48'),(102,NULL,NULL,'500','500',67,'2020-09-22 00:35:48','2020-09-22 00:35:48'),(103,NULL,NULL,'70','70',70,'2020-09-22 00:36:23','2020-09-22 00:36:23'),(104,NULL,NULL,'205','205',71,'2020-09-22 00:40:52','2020-09-22 00:40:52'),(106,NULL,NULL,'610','610',9,'2020-09-23 00:42:28','2020-09-23 00:42:28'),(107,NULL,NULL,'655','655',41,'2020-09-23 00:43:41','2020-09-23 00:43:41'),(108,NULL,NULL,'370','370',73,'2020-09-23 00:44:43','2020-09-23 00:44:43'),(109,NULL,NULL,'800','800',74,'2020-09-23 00:45:10','2020-09-23 00:45:10'),(110,NULL,NULL,'155','155',75,'2020-09-23 00:45:40','2020-09-23 00:45:40'),(111,NULL,NULL,'500','500',76,'2020-09-23 00:46:28','2020-09-23 00:46:28'),(112,NULL,NULL,'45','45',77,'2020-09-23 00:46:48','2020-09-23 00:46:48'),(113,NULL,NULL,'525','525',78,'2020-09-23 00:47:26','2020-09-23 00:47:26'),(114,NULL,NULL,'240','240',79,'2020-09-23 00:48:03','2020-09-23 00:48:03'),(115,NULL,NULL,'430','430',80,'2020-09-23 17:20:35','2020-09-23 17:20:35'),(116,NULL,NULL,'70','70',81,'2020-09-23 17:23:17','2020-09-23 17:23:17'),(117,NULL,NULL,'50','50',82,'2020-09-23 17:30:40','2020-09-23 17:30:40'),(118,NULL,NULL,'400','400',83,'2020-09-23 17:33:13','2020-09-23 17:33:13'),(120,NULL,NULL,'160','160',84,'2020-09-23 17:37:55','2020-09-23 17:37:55'),(121,NULL,NULL,'185','185',66,'2020-09-23 20:02:05','2020-09-23 20:02:05'),(122,NULL,NULL,'60','60',85,'2020-09-24 21:39:13','2020-09-24 21:39:13'),(124,NULL,NULL,'465','465',87,'2020-09-24 21:42:25','2020-09-24 21:42:25'),(125,NULL,NULL,'400','400',88,'2020-09-24 21:43:00','2020-09-24 21:43:00'),(126,NULL,NULL,'150','150',89,'2020-09-24 21:44:06','2020-09-24 21:44:06'),(127,NULL,NULL,'720','720',81,'2020-09-24 21:44:58','2020-09-24 21:44:58'),(128,NULL,NULL,'400','400',90,'2020-09-24 21:45:22','2020-09-24 21:45:22'),(130,NULL,NULL,'800','800',92,'2020-09-24 21:46:38','2020-09-24 21:46:38'),(131,NULL,NULL,'260','260',93,'2020-09-24 21:47:19','2020-09-24 21:47:19'),(132,NULL,NULL,'100','100',94,'2020-09-24 21:47:43','2020-09-24 21:47:43'),(133,NULL,NULL,'50','50',95,'2020-09-24 21:48:20','2020-09-24 21:48:20'),(134,NULL,NULL,'225','225',96,'2020-09-24 21:49:03','2020-09-24 21:49:03'),(135,NULL,NULL,'870','870',91,'2020-09-24 22:07:53','2020-09-24 22:07:53'),(136,NULL,NULL,'550','550',86,'2020-09-24 22:08:35','2020-09-24 22:08:35'),(137,NULL,NULL,'70','70',3,'2020-09-24 22:09:08','2020-09-24 22:09:08'),(138,NULL,NULL,'280','280',97,'2020-09-24 22:10:21','2020-09-24 22:10:21'),(139,NULL,NULL,'35','35',98,'2020-09-24 22:11:28','2020-09-24 22:11:28'),(140,NULL,NULL,'50','50',45,'2020-09-25 23:31:42','2020-09-26 23:31:42'),(141,NULL,NULL,'120','120',64,'2020-09-25 23:32:16','2020-09-26 23:32:16'),(142,NULL,NULL,'500','500',99,'2020-09-25 23:33:24','2020-09-26 23:33:24'),(143,NULL,NULL,'30','30',100,'2020-09-25 23:34:12','2020-09-26 23:34:12'),(144,NULL,NULL,'125','125',101,'2020-09-25 23:35:42','2020-09-26 23:35:42'),(145,NULL,NULL,'65','65',102,'2020-09-25 23:36:21','2020-09-26 23:36:21'),(146,NULL,NULL,'165','165',103,'2020-09-26 23:43:47','2020-09-26 23:43:47'),(147,NULL,NULL,'125','125',104,'2020-09-26 23:44:35','2020-09-26 23:44:35'),(148,NULL,NULL,'95','95',105,'2020-09-26 23:45:25','2020-09-26 23:45:25'),(149,NULL,NULL,'325','325',106,'2020-09-26 23:46:40','2020-09-26 23:46:40'),(150,NULL,NULL,'165','165',107,'2020-09-26 23:47:57','2020-09-26 23:47:57'),(152,NULL,NULL,'240','240',108,'2020-09-26 23:51:35','2020-09-26 23:51:35'),(153,NULL,NULL,'300','300',40,'2020-09-26 23:52:37','2020-09-26 23:52:37'),(154,NULL,NULL,'500','500',109,'2020-09-26 23:53:02','2020-09-26 23:53:02'),(155,NULL,NULL,'800','800',110,'2020-09-26 23:53:37','2020-09-26 23:53:37'),(156,NULL,NULL,'400','400',111,'2020-09-26 23:55:42','2020-09-26 23:55:42'),(157,'35',NULL,'520','485',58,'2020-09-26 23:56:50','2020-09-26 23:56:50'),(158,NULL,NULL,'295','295',112,'2020-09-26 23:58:57','2020-09-26 23:58:57'),(160,NULL,NULL,'100','100',115,'2020-09-28 19:37:17','2020-09-28 19:37:17'),(162,NULL,NULL,'50','50',114,'2020-09-28 19:38:17','2020-09-28 19:38:17'),(163,NULL,NULL,'755','755',116,'2020-09-28 19:39:13','2020-09-28 19:39:13'),(164,NULL,NULL,'265','265',117,'2020-09-28 19:40:18','2020-09-28 19:40:18'),(166,NULL,NULL,'175','175',118,'2020-09-28 19:41:19','2020-09-28 19:41:19');
/*!40000 ALTER TABLE `service_payments` ENABLE KEYS */;
UNLOCK TABLES;
DROP TABLE IF EXISTS `services`;
/*!40101 SET @saved_cs_client     = @@character_set_client */;
/*!40101 SET character_set_client = utf8 */;
CREATE TABLE `services` (
  `id` bigint(20) unsigned NOT NULL AUTO_INCREMENT,
  `category_id` bigint(20) NOT NULL,
  `name` varchar(255) COLLATE utf8mb4_unicode_ci NOT NULL,
  `duration` varchar(255) COLLATE utf8mb4_unicode_ci NOT NULL,
  `price` decimal(16,2) NOT NULL,
  `created_at` timestamp NULL DEFAULT NULL,
  `updated_at` timestamp NULL DEFAULT NULL,
  PRIMARY KEY (`id`)
) ENGINE=InnoDB AUTO_INCREMENT=58 DEFAULT CHARSET=utf8mb4 COLLATE=utf8mb4_unicode_ci;
/*!40101 SET character_set_client = @saved_cs_client */;

LOCK TABLES `services` WRITE;
/*!40000 ALTER TABLE `services` DISABLE KEYS */;
INSERT INTO `services` VALUES (2,6,'Permanent eyebrow','40',400.00,'2020-09-02 01:26:16','2020-09-06 03:18:12'),(3,6,'Permanent eyeliner','20',400.00,'2020-09-02 01:26:35','2020-09-15 04:42:30'),(4,6,'Touch up eyebrow (2de behandeling)','15',400.00,'2020-09-02 01:26:53','2020-09-15 04:42:09'),(5,6,'Touch up eyeliner','15',375.00,'2020-09-02 01:27:10','2020-09-15 04:41:17'),(6,6,'Lipliners','40',500.00,'2020-09-02 01:27:27','2020-09-15 04:40:44'),(7,6,'Permanent birthmark','10',100.00,'2020-09-02 01:27:41','2020-09-15 04:43:02'),(8,3,'Rollen','15',50.00,'2020-09-02 01:27:56','2020-09-15 04:39:27'),(9,3,'Rollen, uitdrukken, snor en wenkbrauwen wax','40',100.00,'2020-09-02 01:28:13','2020-09-15 04:39:06'),(10,3,'Geheel gezicht waxen, uitdrukken, rollen','50',175.00,'2020-09-02 01:28:23','2020-09-15 04:38:30'),(11,4,'Facial wax','20',75.00,'2020-09-02 01:28:37','2020-09-15 04:37:13'),(12,4,'Zijwaarts wax','10',30.00,'2020-09-02 01:28:50','2020-09-15 04:36:37'),(13,4,'Eyebrow wax','7',20.00,'2020-09-02 01:29:03','2020-09-15 04:36:05'),(14,4,'Snor wax','5',15.00,'2020-09-02 01:29:18','2020-09-15 04:35:39'),(15,4,'Onderkin wax','10',35.00,'2020-09-02 01:29:31','2020-09-15 04:34:45'),(16,4,'Oksel wax','15',60.00,'2020-09-02 01:29:48','2020-09-15 04:34:15'),(17,4,'Boven been wax','20',75.00,'2020-09-02 01:30:04','2020-09-15 04:33:47'),(18,4,'Onderbeen wax','20',75.00,'2020-09-02 01:36:34','2020-09-15 04:33:29'),(19,4,'Bikinilijn waxen','30',100.00,'2020-09-02 01:42:04','2020-09-15 04:32:47'),(20,4,'Geheel arm wax','30',90.00,'2020-09-02 01:42:41','2020-09-15 04:32:18'),(21,4,'Onderarm wax','15',50.00,'2020-09-02 01:42:55','2020-09-15 04:31:57'),(22,6,'wratten','10',150.00,'2020-09-15 04:43:42','2020-09-15 04:43:42'),(23,3,'Gezichtsbeh+Fruitzuur','50',125.00,'2020-09-15 04:49:03','2020-09-15 04:49:49'),(24,5,'Oksel wax+rol beh','30',100.00,'2020-09-15 04:50:01','2020-09-15 04:50:01'),(25,7,'Full lipcolor','30',1000.00,'2020-09-15 04:50:35','2020-09-15 04:51:18'),(26,5,'Lies rol beh','15',50.00,'2020-09-15 04:52:21','2020-09-15 04:52:21'),(27,5,'Lies rol beh+wax','30',100.00,'2020-09-15 04:53:03','2020-09-15 04:53:03'),(28,5,'Nek rol beh','15',100.00,'2020-09-15 04:53:43','2020-09-15 04:53:43'),(29,8,'Pedicure+gellak','120',135.00,'2020-09-15 04:55:01','2020-09-15 04:56:17'),(30,8,'Pedicure+gellak+wax','140',200.00,'2020-09-15 04:57:06','2020-09-15 04:57:06'),(31,8,'Pedicure zonder gel','100',100.00,'2020-09-15 04:57:50','2020-09-15 04:57:50'),(32,9,'Teen gellak','30',50.00,'2020-09-15 04:59:01','2020-09-15 04:59:34'),(33,9,'Handgellak','30',50.00,'2020-09-15 05:00:05','2020-09-15 05:00:05'),(34,3,'Acryl nails+2 vinger art','60',125.00,'2020-09-15 05:00:48','2020-09-15 05:00:48'),(35,9,'verwijderen van acryl/gel','15',25.00,'2020-09-15 05:01:28','2020-09-15 05:01:28'),(36,10,'Curly 200','120',200.00,'2020-09-15 05:04:32','2020-09-15 05:04:32'),(37,10,'Curly 250','120',250.00,'2020-09-15 05:05:02','2020-09-15 05:05:02'),(38,10,'Curly 300','120',300.00,'2020-09-15 05:05:34','2020-09-15 05:05:34'),(39,10,'Keratine 250','120',250.00,'2020-09-15 05:06:22','2020-09-15 05:06:22'),(40,10,'Keratine 300','120',300.00,'2020-09-15 05:06:48','2020-09-15 05:06:48'),(41,10,'Keratine+Blond','140',400.00,'2020-09-15 05:07:44','2020-09-15 05:07:44'),(42,10,'Blond+keune color 250','140',250.00,'2020-09-15 05:08:26','2020-09-15 05:08:26'),(43,10,'Blond+keune color 300','140',300.00,'2020-09-15 05:11:50','2020-09-15 05:11:50'),(44,10,'Japanse straight','120',250.00,'2020-09-15 05:12:28','2020-09-15 05:12:28'),(45,10,'Japanse straight+versteviging','120',400.00,'2020-09-15 05:12:59','2020-09-15 05:12:59'),(46,10,'Tangen met nutrition','30',50.00,'2020-09-15 05:13:36','2020-09-15 05:13:36'),(47,10,'Wassen+tangen','30',75.00,'2020-09-15 05:14:07','2020-09-15 05:14:07'),(48,10,'Wafertang','30',50.00,'2020-09-15 05:14:36','2020-09-15 05:14:36'),(49,10,'Krultangen','30',50.00,'2020-09-15 05:15:01','2020-09-15 05:15:01'),(50,10,'Wassen+krultangen','30',75.00,'2020-09-15 05:15:35','2020-09-15 05:15:35'),(51,10,'Krultangen met spray','30',75.00,'2020-09-15 05:16:20','2020-09-15 05:16:20'),(52,10,'Haaropsteken 100','30',100.00,'2020-09-15 05:16:53','2020-09-15 05:16:53'),(53,10,'Haaropsteken 150','30',150.00,'2020-09-15 05:17:19','2020-09-15 05:17:19'),(54,10,'Knippen','15',30.00,'2020-09-15 05:17:46','2020-09-26 23:25:35'),(55,10,'Vitamine beh','15',125.00,'2020-09-15 05:18:39','2020-09-26 23:24:42'),(56,7,'Permanent eyebrow bruin','30',500.00,'2020-09-19 19:51:43','2020-09-19 19:51:43'),(57,8,'Teen gellak met opvullen','30',65.00,'2020-09-23 17:36:02','2020-09-23 17:36:02');
/*!40000 ALTER TABLE `services` ENABLE KEYS */;
UNLOCK TABLES;
DROP TABLE IF EXISTS `types`;
/*!40101 SET @saved_cs_client     = @@character_set_client */;
/*!40101 SET character_set_client = utf8 */;
CREATE TABLE `types` (
  `id` bigint(20) unsigned NOT NULL AUTO_INCREMENT,
  `name` varchar(255) COLLATE utf8mb4_unicode_ci NOT NULL,
  `created_at` timestamp NULL DEFAULT NULL,
  `updated_at` timestamp NULL DEFAULT NULL,
  PRIMARY KEY (`id`)
) ENGINE=InnoDB AUTO_INCREMENT=5 DEFAULT CHARSET=utf8mb4 COLLATE=utf8mb4_unicode_ci;
/*!40101 SET character_set_client = @saved_cs_client */;

LOCK TABLES `types` WRITE;
/*!40000 ALTER TABLE `types` DISABLE KEYS */;
INSERT INTO `types` VALUES (2,'Stuk','2020-09-10 16:57:15','2020-09-10 16:57:15'),(3,'ML','2020-09-10 16:57:22','2020-09-10 16:57:22'),(4,'L','2020-09-10 16:57:29','2020-09-10 16:57:29');
/*!40000 ALTER TABLE `types` ENABLE KEYS */;
UNLOCK TABLES;
DROP TABLE IF EXISTS `users`;
/*!40101 SET @saved_cs_client     = @@character_set_client */;
/*!40101 SET character_set_client = utf8 */;
CREATE TABLE `users` (
  `id` bigint(20) unsigned NOT NULL AUTO_INCREMENT,
  `name` varchar(255) COLLATE utf8mb4_unicode_ci NOT NULL,
  `email` varchar(255) COLLATE utf8mb4_unicode_ci NOT NULL,
  `email_verified_at` timestamp NULL DEFAULT NULL,
  `password` varchar(255) COLLATE utf8mb4_unicode_ci NOT NULL,
  `remember_token` varchar(100) COLLATE utf8mb4_unicode_ci DEFAULT NULL,
  `created_at` timestamp NULL DEFAULT NULL,
  `updated_at` timestamp NULL DEFAULT NULL,
  PRIMARY KEY (`id`),
  UNIQUE KEY `users_email_unique` (`email`)
) ENGINE=InnoDB AUTO_INCREMENT=4 DEFAULT CHARSET=utf8mb4 COLLATE=utf8mb4_unicode_ci;
/*!40101 SET character_set_client = @saved_cs_client */;

LOCK TABLES `users` WRITE;
/*!40000 ALTER TABLE `users` DISABLE KEYS */;
INSERT INTO `users` VALUES (2,'Sunaina\'s Beauty Care','admin@sunainasbeautycare.com',NULL,'$2y$10$b5e0dUPLC8E6YCePFV04yu2r54y/g8zMog5TzFvBJqM6PoNNkeHSS','gyj1j29fIuCF5ZalYQy3J3j1jimYIPD3z69cNQselNRDea2GaCtlWjWViNal','2020-07-10 05:24:26','2020-07-10 05:24:26'),(3,'Wishaal Mathoera','wishaal1993@gmail.com',NULL,'$2y$10$nNiSdIni865n/oQNJXaE7ekWKx28RjUFxZKNmYmSCoPubaYqHa9.2',NULL,'2020-09-16 14:40:03','2020-09-16 14:40:03');
/*!40000 ALTER TABLE `users` ENABLE KEYS */;
UNLOCK TABLES;
/*!50001 DROP VIEW IF EXISTS `chartpayments`*/;
/*!50001 SET @saved_cs_client          = @@character_set_client */;
/*!50001 SET @saved_cs_results         = @@character_set_results */;
/*!50001 SET @saved_col_connection     = @@collation_connection */;
/*!50001 SET character_set_client      = utf8mb4 */;
/*!50001 SET character_set_results     = utf8mb4 */;
/*!50001 SET collation_connection      = utf8mb4_general_ci */;
/*!50001 CREATE ALGORITHM=UNDEFINED */
/*!50013 DEFINER=`sunaina_wishaal`@`localhost` SQL SECURITY DEFINER */
/*!50001 VIEW `chartpayments` AS select cast(`b`.`created_at` as date) AS `created_at`,sum(`b`.`service_discount`) AS `servicediscount`,sum(`b`.`product_discount`) AS `productdiscount`,sum((`b`.`productprice` - `b`.`product_discount`)) AS `producttotal`,sum((`b`.`serviceprice` - `b`.`service_discount`)) AS `servicetotal` from (select `sunaina_care`.`service_payments`.`created_at` AS `created_at`,`sunaina_care`.`service_payments`.`service_discount` AS `service_discount`,`sunaina_care`.`service_payments`.`product_discount` AS `product_discount`,0 AS `productprice`,0 AS `serviceprice` from `sunaina_care`.`service_payments` union all select `sunaina_care`.`product_orders`.`created_at` AS `created_at`,0 AS `0`,0 AS `0`,`sunaina_care`.`product_orders`.`price` AS `price`,0 AS `0` from `sunaina_care`.`product_orders` union all select `sunaina_care`.`service_orders`.`created_at` AS `created_at`,0 AS `0`,0 AS `0`,0 AS `0`,`sunaina_care`.`service_orders`.`price` AS `price` from `sunaina_care`.`service_orders`) `b` group by cast(`b`.`created_at` as date) */;
/*!50001 SET character_set_client      = @saved_cs_client */;
/*!50001 SET character_set_results     = @saved_cs_results */;
/*!50001 SET collation_connection      = @saved_col_connection */;
/*!40103 SET TIME_ZONE=@OLD_TIME_ZONE */;

/*!40101 SET SQL_MODE=@OLD_SQL_MODE */;
/*!40014 SET FOREIGN_KEY_CHECKS=@OLD_FOREIGN_KEY_CHECKS */;
/*!40014 SET UNIQUE_CHECKS=@OLD_UNIQUE_CHECKS */;
/*!40101 SET CHARACTER_SET_CLIENT=@OLD_CHARACTER_SET_CLIENT */;
/*!40101 SET CHARACTER_SET_RESULTS=@OLD_CHARACTER_SET_RESULTS */;
/*!40101 SET COLLATION_CONNECTION=@OLD_COLLATION_CONNECTION */;
/*!40111 SET SQL_NOTES=@OLD_SQL_NOTES */;

